{
  "metadata": {
    "noosphere_version": "1.6.0",
    "generated_at": "2026-04-09T15:37:04",
    "target_sfreq_hz": 256,
    "target_channels": [
      "C3",
      "Cz",
      "C4"
    ],
    "segment_samples": 256,
    "evaluation_note": "Zero-shot evaluation of S4EEGEncoder on public MOABB datasets. No fine-tuning on these datasets. C3/Cz/C4 subsampled."
  },
  "aggregate": {
    "n_datasets": 5,
    "total_trials": 13851,
    "total_subjects": 193,
    "mean_accuracy": 0.5631207779329234,
    "mean_balanced_accuracy": 0.5141176927999629,
    "mean_cohen_kappa": 0.25924724720182857,
    "mean_auc_roc": 0.6932299366884627,
    "mean_ece": 0.16030375168666183,
    "mean_itr_bits_per_min": 10.508792850197457
  },
  "datasets": [
    {
      "dataset": "BNCI2014_001",
      "n_classes": 4,
      "n_trials": 1296,
      "n_subjects": 9,
      "description": "BCI Comp IV 2a \u2014 9 subjects, 4-class MI, 22-ch, 250 Hz",
      "accuracy": 0.41280864197530864,
      "balanced_accuracy": 0.41280864197530864,
      "cohen_kappa": 0.2170781893001221,
      "f1_macro": 0.4124424689848402,
      "f1_weighted": 0.4124424689848398,
      "chance_level": 0.25,
      "per_class": [
        {
          "label": 0,
          "precision": 0.4525316455696188,
          "recall": 0.44135802469135665,
          "f1": 0.44687499999949865,
          "support": 324,
          "auc_roc": 0.7101559721587127
        },
        {
          "label": 1,
          "precision": 0.4257142857142845,
          "recall": 0.4598765432098751,
          "f1": 0.4421364985158199,
          "support": 324,
          "auc_roc": 0.6829243509627569
        },
        {
          "label": 2,
          "precision": 0.3734567901234556,
          "recall": 0.3734567901234556,
          "f1": 0.37345679012295563,
          "support": 324,
          "auc_roc": 0.6507709698724762
        },
        {
          "label": 3,
          "precision": 0.39869281045751503,
          "recall": 0.376543209876542,
          "f1": 0.3873015873010865,
          "support": 324,
          "auc_roc": 0.6516568866534547
        }
      ],
      "confusion_matrix": [
        [
          143,
          69,
          59,
          53
        ],
        [
          65,
          149,
          59,
          51
        ],
        [
          56,
          67,
          121,
          80
        ],
        [
          52,
          65,
          85,
          122
        ]
      ],
      "auc_roc_macro": 0.6738770449118501,
      "auc_pr_macro": 0.409903389402965,
      "calibration": {
        "bin_edges": [
          0.0,
          0.1,
          0.2,
          0.30000000000000004,
          0.4,
          0.5,
          0.6000000000000001,
          0.7000000000000001,
          0.8,
          0.9,
          1.0
        ],
        "bin_acc": [
          0.0,
          0.0,
          0.0,
          0.2702702702702703,
          0.3377777777777778,
          0.4011627906976744,
          0.37662337662337664,
          0.5113636363636364,
          0.6329113924050633,
          0.0
        ],
        "bin_conf": [
          0.05,
          0.15000000000000002,
          0.2845982313156128,
          0.3663974404335022,
          0.4556710422039032,
          0.5488008260726929,
          0.6488062739372253,
          0.7473077178001404,
          0.82765132188797,
          0.95
        ],
        "bin_count": [
          0,
          0,
          2,
          74,
          225,
          344,
          308,
          264,
          79,
          0
        ],
        "ece": 0.19020223767025235,
        "mce": 0.2845982313156128
      },
      "itr_bits_per_min": 5.482317750383188,
      "bci_lift_vs_prior": 0.16280864197530864,
      "mean_confidence": 0.6030108332633972,
      "mean_confidence_correct": 0.6263155341148376,
      "mean_confidence_incorrect": 0.586627185344696,
      "confidence_accuracy_corr": 0.15209416495446426,
      "rolling_acc_mean": 0.41064491064491065,
      "rolling_acc_std": 0.21012477279725048,
      "accuracy_first_half": 0.3966049382716049,
      "accuracy_second_half": 0.42901234567901236,
      "stability_drop": -0.03240740740740744,
      "subject_acc_mean": 0.25925925925925924,
      "subject_acc_std": 0.03285895733004258,
      "inference_ms_mean": 0.025864316335678775,
      "inference_ms_p95": 0.041997326358493105,
      "inference_ms_p99": 0.041997326358493105,
      "framework5_passed": {
        "accuracy_>70pct": false,
        "bci_lift_>10pp": true,
        "confidence_corr_>0.30": false,
        "stability_drop_<10pp": true,
        "kappa_>0.40": false,
        "itr_>10_bits_per_min": false,
        "ece_<0.15": false,
        "auc_roc_>0.70": false,
        "inference_p95_<50ms": true
      }
    },
    {
      "dataset": "BNCI2014_004",
      "n_classes": 2,
      "n_trials": 1632,
      "n_subjects": 9,
      "description": "BCI Comp IV 2b \u2014 9 subjects, 2-class MI, 3-ch, 250 Hz",
      "accuracy": 0.6519607843137255,
      "balanced_accuracy": 0.6519607843137255,
      "cohen_kappa": 0.30392156862684316,
      "f1_macro": 0.6517076161901417,
      "f1_weighted": 0.6517076161901413,
      "chance_level": 0.5,
      "per_class": [
        {
          "label": 0,
          "precision": 0.6441860465116271,
          "recall": 0.6789215686274501,
          "f1": 0.6610978520281391,
          "support": 816,
          "auc_roc": 0.706185721837753
        },
        {
          "label": 1,
          "precision": 0.6606217616580302,
          "recall": 0.6249999999999992,
          "f1": 0.6423173803521444,
          "support": 816,
          "auc_roc": 0.706185721837753
        }
      ],
      "confusion_matrix": [
        [
          554,
          262
        ],
        [
          306,
          510
        ]
      ],
      "auc_roc_macro": 0.706185721837753,
      "auc_pr_macro": 0.6974202564614913,
      "calibration": {
        "bin_edges": [
          0.0,
          0.1,
          0.2,
          0.30000000000000004,
          0.4,
          0.5,
          0.6000000000000001,
          0.7000000000000001,
          0.8,
          0.9,
          1.0
        ],
        "bin_acc": [
          0.0,
          0.0,
          0.0,
          0.0,
          0.0,
          0.5,
          0.4819277108433735,
          0.5483870967741935,
          0.6445444319460067,
          0.7679425837320574
        ],
        "bin_conf": [
          0.05,
          0.15000000000000002,
          0.25,
          0.35000000000000003,
          0.45,
          0.5525605082511902,
          0.6516050696372986,
          0.7556462287902832,
          0.8683304786682129,
          0.9154496192932129
        ],
        "bin_count": [
          0,
          0,
          0,
          0,
          0,
          56,
          83,
          186,
          889,
          418
        ],
        "ece": 0.19373807855242609,
        "mce": 0.22378604672220614
      },
      "itr_bits_per_min": 4.061717542442802,
      "bci_lift_vs_prior": 0.1519607843137255,
      "mean_confidence": 0.8456988334655762,
      "mean_confidence_correct": 0.8567567467689514,
      "mean_confidence_incorrect": 0.8249847888946533,
      "confidence_accuracy_corr": 0.1702713009404631,
      "rolling_acc_mean": 0.652433764633395,
      "rolling_acc_std": 0.18619629799256376,
      "accuracy_first_half": 0.6286764705882353,
      "accuracy_second_half": 0.6752450980392157,
      "stability_drop": -0.04656862745098045,
      "subject_acc_mean": 0.5326017955074751,
      "subject_acc_std": 0.030593278943864353,
      "inference_ms_mean": 0.020242633581801783,
      "inference_ms_p95": 0.03146384410830515,
      "inference_ms_p99": 0.03146384410830515,
      "framework5_passed": {
        "accuracy_>70pct": false,
        "bci_lift_>10pp": true,
        "confidence_corr_>0.30": false,
        "stability_drop_<10pp": true,
        "kappa_>0.40": false,
        "itr_>10_bits_per_min": false,
        "ece_<0.15": false,