{
  "metadata": {
    "noosphere_version": "1.6.0",
    "generated_at": "2026-04-08T23:04:28",
    "target_sfreq_hz": 256,
    "target_channels": [
      "C3",
      "Cz",
      "C4"
    ],
    "segment_samples": 256,
    "evaluation_note": "Zero-shot evaluation of S4EEGEncoder on public MOABB datasets. No fine-tuning on these datasets. C3/Cz/C4 subsampled."
  },
  "aggregate": {
    "n_datasets": 5,
    "total_trials": 13851,
    "total_subjects": 193,
    "mean_accuracy": 0.4849628655002302,
    "mean_balanced_accuracy": 0.42605587996698946,
    "mean_cohen_kappa": 0.1276319347593458,
    "mean_auc_roc": 0.6039731804495452,
    "mean_ece": 0.23670963784915539,
    "mean_itr_bits_per_min": 5.057576437040014
  },
  "datasets": [
    {
      "dataset": "BNCI2014_001",
      "n_classes": 4,
      "n_trials": 1296,
      "n_subjects": 9,
      "description": "BCI Comp IV 2a \u2014 9 subjects, 4-class MI, 22-ch, 250 Hz",
      "accuracy": 0.3109567901234568,
      "balanced_accuracy": 0.3109567901234568,
      "cohen_kappa": 0.08127572016450067,
      "f1_macro": 0.31116553337194064,
      "f1_weighted": 0.3111655333719405,
      "chance_level": 0.25,
      "per_class": [
        {
          "label": 0,
          "precision": 0.32163742690058383,
          "recall": 0.3395061728395051,
          "f1": 0.33033033032982967,
          "support": 324,
          "auc_roc": 0.5818345780622849
        },
        {
          "label": 1,
          "precision": 0.3564013840830437,
          "recall": 0.3179012345679002,
          "f1": 0.3360522022833504,
          "support": 324,
          "auc_roc": 0.5956250317532872
        },
        {
          "label": 2,
          "precision": 0.2899022801302922,
          "recall": 0.27469135802469047,
          "f1": 0.2820919175906247,
          "support": 324,
          "auc_roc": 0.5415650561398139
        },
        {
          "label": 3,
          "precision": 0.28212290502793214,
          "recall": 0.3117283950617274,
          "f1": 0.2961876832839579,
          "support": 324,
          "auc_roc": 0.5520880963267771
        }
      ],
      "confusion_matrix": [
        [
          110,
          60,
          71,
          83
        ],
        [
          73,
          103,
          65,
          83
        ],
        [
          88,
          56,
          89,
          91
        ],
        [
          71,
          70,
          82,
          101
        ]
      ],
      "auc_roc_macro": 0.5677781905705408,
      "auc_pr_macro": 0.3031928361306698,
      "calibration": {
        "bin_edges": [
          0.0,
          0.1,
          0.2,
          0.30000000000000004,
          0.4,
          0.5,
          0.6000000000000001,
          0.7000000000000001,
          0.8,
          0.9,
          1.0
        ],
        "bin_acc": [
          0.0,
          0.0,
          0.5,
          0.20833333333333334,
          0.28627450980392155,
          0.28337874659400547,
          0.34065934065934067,
          0.33852140077821014,
          0.3655913978494624,
          1.0
        ],
        "bin_conf": [
          0.05,
          0.15000000000000002,
          0.2918086647987366,
          0.3687312602996826,
          0.4572528302669525,
          0.5494002103805542,
          0.6500093340873718,
          0.750283420085907,
          0.8339872360229492,
          0.9078376293182373
        ],
        "bin_count": [
          0,
          0,
          2,
          48,
          255,
          367,
          273,
          257,
          93,
          1
        ],
        "ece": 0.2957354896460418,
        "mce": 0.46839583817348684
      },
      "itr_bits_per_min": 0.8170516975720732,
      "bci_lift_vs_prior": 0.06095679012345678,
      "mean_confidence": 0.6059074997901917,
      "mean_confidence_correct": 0.6196179986000061,
      "mean_confidence_incorrect": 0.5997201204299927,
      "confidence_accuracy_corr": 0.07153766126470884,
      "rolling_acc_mean": 0.30885780885780884,
      "rolling_acc_std": 0.16570590441847888,
      "accuracy_first_half": 0.3117283950617284,
      "accuracy_second_half": 0.3101851851851852,
      "stability_drop": 0.0015432098765432167,
      "subject_acc_mean": 0.25636574074074076,
      "subject_acc_std": 0.010254655756174381,
      "inference_ms_mean": 0.030952533956067018,
      "inference_ms_p95": 0.1589667708685738,
      "inference_ms_p99": 0.1589667708685738,
      "framework5_passed": {
        "accuracy_>70pct": false,
        "bci_lift_>10pp": false,
        "confidence_corr_>0.30": false,
        "stability_drop_<10pp": true,
        "kappa_>0.40": false,
        "itr_>10_bits_per_min": false,
        "ece_<0.15": false,
        "auc_roc_>0.70": false,
        "inference_p95_<50ms": true
      }
    },
    {
      "dataset": "BNCI2014_004",
      "n_classes": 2,
      "n_trials": 1632,
      "n_subjects": 9,
      "description": "BCI Comp IV 2b \u2014 9 subjects, 2-class MI, 3-ch, 250 Hz",
      "accuracy": 0.6262254901960784,
      "balanced_accuracy": 0.6262254901960784,
      "cohen_kappa": 0.252450980391652,
      "f1_macro": 0.626157555182868,
      "f1_weighted": 0.6261575551828676,
      "chance_level": 0.5,
      "per_class": [
        {
          "label": 0,
          "precision": 0.6229116945107391,
          "recall": 0.6397058823529403,
          "f1": 0.6311970979438765,
          "support": 816,
          "auc_roc": 0.6889162221261036
        },
        {
          "label": 1,
          "precision": 0.6297229219143569,
          "recall": 0.612745098039215,
          "f1": 0.6211180124218595,
          "support": 816,
          "auc_roc": 0.6889162221261036
        }
      ],
      "confusion_matrix": [
        [
          522,
          294
        ],
        [
          316,
          500
        ]
      ],
      "auc_roc_macro": 0.6889162221261036,
      "auc_pr_macro": 0.6902004638193202,
      "calibration": {
        "bin_edges": [
          0.0,
          0.1,
          0.2,
          0.30000000000000004,
          0.4,
          0.5,
          0.6000000000000001,
          0.7000000000000001,
          0.8,
          0.9,
          1.0
        ],
        "bin_acc": [
          0.0,
          0.0,
          0.0,
          0.0,
          0.0,
          0.5212765957446809,
          0.5132743362831859,
          0.5211267605633803,
          0.5885093167701864,
          0.7482394366197183
        ],
        "bin_conf": [
          0.05,
          0.15000000000000002,
          0.25,
          0.35000000000000003,
          0.45,
          0.5497856736183167,
          0.6542279124259949,
          0.7560727596282959,
          0.8604738116264343,
          0.9261806607246399
        ],
        "bin_count": [
          0,
          0,
          0,
          0,
          0,
          94,
          113,
          213,
          644,
          568
        ],
        "ece": 0.21131547500251555,
        "mce": 0.27196449485624796
      },
      "itr_bits_per_min": 2.7884259270374923,
      "bci_lift_vs_prior": 0.12622549019607843,
      "mean_confidence": 0.8375409245491028,
      "mean_confidence_correct": 0.852281928062439,
      "mean_confidence_incorrect": 0.8128437995910645,
      "confidence_accuracy_corr": 0.1776014391555626,
      "rolling_acc_mean": 0.6269254467036353,
      "rolling_acc_std": 0.20567032401530708,
      "accuracy_first_half": 0.5894607843137255,
      "accuracy_second_half": 0.6629901960784313,
      "stability_drop": -0.07352941176470584,
      "subject_acc_mean": 0.49234749455337684,
      "subject_acc_std": 0.022506781876124534,
      "inference_ms_mean": 0.014257796563327372,
      "inference_ms_p95": 0.019153973660554345,
      "inference_ms_p99": 0.019153973660554345,
      "framework5_passed": {
        "accuracy_>70pct": false,
        "bci_lift_>10pp": true,
        "confidence_corr_>0.30": false,
        "stability_drop_<10pp": true,
        "kappa_>0.40": false,
        "itr_>10_bits_per_min": false,