{
  "metadata": {
    "noosphere_version": "1.6.0",
    "generated_at": "2026-04-08T11:15:56",
    "target_sfreq_hz": 256,
    "target_channels": [
      "C3",
      "Cz",
      "C4"
    ],
    "segment_samples": 256,
    "evaluation_note": "Zero-shot evaluation of S4EEGEncoder on public MOABB datasets. No fine-tuning on these datasets. C3/Cz/C4 subsampled."
  },
  "aggregate": {
    "n_datasets": 3,
    "total_trials": 1774,
    "total_subjects": 32,
    "mean_accuracy": 0.435925925925926,
    "mean_balanced_accuracy": 0.435946498806012,
    "mean_cohen_kappa": 0.1644741144531016,
    "mean_auc_roc": 0.6385522555856005,
    "mean_ece": 0.4652433116730032,
    "mean_itr_bits_per_min": 2.118526788681172
  },
  "datasets": [
    {
      "dataset": "BNCI2014_001",
      "n_classes": 4,
      "n_trials": 1044,
      "n_subjects": 9,
      "description": "BCI Comp IV 2a \u2014 9 subjects, 4-class MI, 22-ch, 250 Hz",
      "accuracy": 0.3333333333333333,
      "balanced_accuracy": 0.3333333333333333,
      "cohen_kappa": 0.11111111111096295,
      "f1_macro": 0.333488000916756,
      "f1_weighted": 0.33348800091675573,
      "chance_level": 0.25,
      "per_class": [
        {
          "label": 0,
          "precision": 0.333333333333332,
          "recall": 0.31417624521072673,
          "f1": 0.3234714003939764,
          "support": 261,
          "auc_roc": 0.5557366059413856
        },
        {
          "label": 1,
          "precision": 0.2906976744186035,
          "recall": 0.28735632183907933,
          "f1": 0.2890173410399613,
          "support": 261,
          "auc_roc": 0.5996339846253937
        },
        {
          "label": 2,
          "precision": 0.3992094861660063,
          "recall": 0.38697318007662684,
          "f1": 0.3929961089489149,
          "support": 261,
          "auc_roc": 0.642308049891611
        },
        {
          "label": 3,
          "precision": 0.3135888501742149,
          "recall": 0.3448275862068952,
          "f1": 0.3284671532841715,
          "support": 261,
          "auc_roc": 0.5647744454720247
        }
      ],
      "confusion_matrix": [
        [
          82,
          68,
          48,
          63
        ],
        [
          65,
          75,
          53,
          68
        ],
        [
          40,
          54,
          101,
          66
        ],
        [
          59,
          61,
          51,
          90
        ]
      ],
      "auc_roc_macro": 0.5906132714826038,
      "auc_pr_macro": 0.3272958951513648,
      "calibration": {
        "bin_edges": [
          0.0,
          0.1,
          0.2,
          0.30000000000000004,
          0.4,
          0.5,
          0.6000000000000001,
          0.7000000000000001,
          0.8,
          0.9,
          1.0
        ],
        "bin_acc": [
          0.0,
          0.0,
          0.0,
          0.2,
          0.2962962962962963,
          0.31645569620253167,
          0.3880597014925373,
          0.28421052631578947,
          0.30434782608695654,
          0.3445121951219512
        ],
        "bin_conf": [
          0.05,
          0.15000000000000002,
          0.25,
          0.3806743267862463,
          0.4592506217620646,
          0.5519966843937106,
          0.650455117683285,
          0.7528654287571641,
          0.8506874586468519,
          0.9821005873398753
        ],
        "bin_count": [
          0,
          0,
          0,
          5,
          27,
          79,
          67,
          95,
          115,
          656
        ],
        "ece": 0.543199835387612,
        "mce": 0.6375883922179241
      },
      "itr_bits_per_min": 1.5037499278843791,
      "bci_lift_vs_prior": 0.08333333333333331,
      "mean_confidence": 0.8765331687209453,
      "mean_confidence_correct": 0.8841226102583767,
      "mean_confidence_incorrect": 0.8727384479522297,
      "confidence_accuracy_corr": 0.033206982712556156,
      "rolling_acc_mean": 0.33256038647343,
      "rolling_acc_std": 0.16626826288369864,
      "accuracy_first_half": 0.3371647509578544,
      "accuracy_second_half": 0.32950191570881227,
      "stability_drop": 0.007662835249042155,
      "subject_acc_mean": 0.25060096153846156,
      "subject_acc_std": 0.03358707264957264,
      "inference_ms_mean": 1.5406097059438328,
      "inference_ms_p95": 1.6552959492400985,
      "inference_ms_p99": 1.7289006600913124,
      "framework5_passed": {
        "accuracy_>70pct": false,
        "bci_lift_>10pp": false,
        "confidence_corr_>0.30": false,
        "stability_drop_<10pp": true,
        "kappa_>0.40": false,
        "itr_>10_bits_per_min": false,
        "ece_<0.15": false,
        "auc_roc_>0.70": false,
        "inference_p95_<50ms": true
      }
    },
    {
      "dataset": "BNCI2014_004",
      "n_classes": 2,
      "n_trials": 450,
      "n_subjects": 9,
      "description": "BCI Comp IV 2b \u2014 9 subjects, 2-class MI, 3-ch, 250 Hz",
      "accuracy": 0.6244444444444445,
      "balanced_accuracy": 0.6245061630847029,
      "cohen_kappa": 0.24897789891518626,
      "f1_macro": 0.6243980738357735,
      "f1_weighted": 0.6243795255925046,
      "chance_level": 0.5,
      "per_class": [
        {
          "label": 0,
          "precision": 0.630136986301367,
          "recall": 0.610619469026546,
          "f1": 0.6202247191006209,
          "support": 226,
          "auc_roc": 0.6853666245259106
        },
        {
          "label": 1,
          "precision": 0.6190476190476164,
          "recall": 0.6383928571428543,
          "f1": 0.628571428570926,
          "support": 224,
          "auc_roc": 0.6853666245259104
        }
      ],
      "confusion_matrix": [
        [
          138,
          88
        ],
        [
          81,
          143
        ]
      ],
      "auc_roc_macro": 0.6853666245259105,
      "auc_pr_macro": 0.6852299205967021,
      "calibration": {
        "bin_edges": [
          0.0,
          0.1,
          0.2,
          0.30000000000000004,
          0.4,
          0.5,
          0.6000000000000001,
          0.7000000000000001,
          0.8,
          0.9,
          1.0
        ],
        "bin_acc": [
          0.0,
          0.0,
          0.0,
          0.0,
          0.0,
          0.46153846153846156,
          0.6153846153846154,
          0.3888888888888889,
          0.4857142857142857,
          0.654054054054054
        ],
        "bin_conf": [
          0.05,
          0.15000000000000002,
          0.25,
          0.35000000000000003,
          0.45,
          0.5503426632163856,
          0.6572174282078909,
          0.7535273767479613,
          0.8498856517538711,
          0.9892701052809291
        ],
        "bin_count": [
          0,
          0,
          0,
          0,
          0,
          13,
          13,
          18,
          35,
          370
        ],
        "ece": 0.3223060238562403,
        "mce": 0.36463848785907244
      },
      "itr_bits_per_min": 2.7094512888136935,
      "bci_lift_vs_prior": 0.12444444444444447,
      "mean_confidence": 0.9467504683006847,
      "mean_confidence_correct": 0.9577241493345775,
      "mean_confidence_incorrect": 0.9285042885934428,
      "confidence_accuracy_corr": 0.1339466168344198,
      "rolling_acc_mean": 0.6190476190476191,
      "rolling_acc_std": 0.17470415550327753,
      "accuracy_first_half": 0.6133333333333333,
      "accuracy_second_half": 0.6355555555555555,
      "stability_drop": -0.022222222222222254,
      "subject_acc_mean": 0.44799999999999995,
      "subject_acc_std": 0.027999999999999997,
      "inference_ms_mean": 1.495507513342697,
      "inference_ms_p95": 1.5572204001728096,
      "inference_ms_p99": 1.670342349934799,
      "framework5_passed": {
        "accuracy_>70pct": false,
        "bci_lift_>10pp": true,
        "confidence_corr_>0.30": false,
        "stability_drop_<10pp": true,
        "kappa_>0.40": false,
        "itr_>10_bits_per_min": false,
        "ece_<0.15": false,