{
  "subjects": [
    1,
    2
  ],
  "n_subjects": 2,
  "classes": [
    "left_hand",
    "right_hand",
    "feet"
  ],
  "folds": 3,
  "ft_epochs": 3,
  "chance": 0.3333333333333333,
  "subject_results": [
    {
      "jepa_ft": {
        "mean": 0.3333333333333333,
        "std": 0.0,
        "folds": [
          0.3333333333333333,
          0.3333333333333333,
          0.3333333333333333
        ]
      },
      "ablation_ft": {
        "mean": 0.3333333333333333,
        "std": 0.0,
        "folds": [
          0.3333333333333333,
          0.3333333333333333,
          0.3333333333333333
        ]
      },
      "zero_shot_probe": {
        "mean": 0.369047619047619,
        "std": 0.05050762722761054,
        "folds": [
          0.3333333333333333,
          0.44047619047619047,
          0.3333333333333333
        ]
      },
      "csp_lda": {
        "mean": NaN,
        "std": NaN,
        "folds": [
          NaN,
          NaN,
          NaN
        ]
      },
      "mdm": {
        "mean": 0.7826086956521738,
        "std": 0.07099970268936748,
        "folds": [
          0.8695652173913043,
          0.782608695652174,
          0.6956521739130435
        ]
      },
      "calib_corr": {
        "mean": 0.027299991498390835,
        "std": 0.07969378074737567,
        "folds": [
          0.13983429968357086,
          -0.0343216136097908,
          -0.02361271157860756
        ]
      }
    },
    {
      "jepa_ft": {
        "mean": 0.3333333333333333,
        "std": 0.0,
        "folds": [
          0.3333333333333333,
          0.3333333333333333,
          0.3333333333333333
        ]
      },
      "ablation_ft": {
        "mean": 0.3333333333333333,
        "std": 0.0,
        "folds": [
          0.3333333333333333,
          0.3333333333333333,
          0.3333333333333333
        ]
      },
      "zero_shot_probe": {
        "mean": 0.36507936507936506,
        "std": 0.04489566864676491,
        "folds": [
          0.42857142857142855,
          0.3333333333333333,
          0.3333333333333333
        ]
      },
      "csp_lda": {
        "mean": NaN,
        "std": NaN,
        "folds": [
          NaN,
          NaN,
          NaN
        ]
      },
      "mdm": {
        "mean": 0.6349206349206349,
        "std": 0.08093681767607594,
        "folds": [
          0.5238095238095238,
          0.6666666666666666,
          0.7142857142857143
        ]
      },
      "calib_corr": {
        "mean": -0.07155491908391316,
        "std": 0.2545623635438948,
        "folds": [
          -0.25096261501312256,
          -0.25215211510658264,
          0.2884499728679657
        ]
      }
    }
  ],
  "aggregate": {
    "jepa_ft": {
      "mean": 0.3333333333333333,
      "ci_lo": 0.3333333333333333,
      "ci_hi": 0.3333333333333333,
      "ci_level": 0.95
    },
    "ablation_ft": {
      "mean": 0.3333333333333333,
      "ci_lo": 0.3333333333333333,
      "ci_hi": 0.3333333333333333,
      "ci_level": 0.95
    },
    "zero_shot_probe": {
      "mean": 0.36706349206349204,
      "ci_lo": 0.36507936507936506,
      "ci_hi": 0.369047619047619,
      "ci_level": 0.95
    },
    "csp_lda": {
      "mean": NaN,
      "ci_lo": NaN,
      "ci_hi": NaN,
      "ci_level": 0.95
    },
    "mdm": {
      "mean": 0.7087646652864044,
      "ci_lo": 0.6349206349206349,
      "ci_hi": 0.7826086956521738,
      "ci_level": 0.95
    },
    "calib_corr": {
      "mean": -0.022127463792761162,
      "ci_lo": -0.07155491908391316,
      "ci_hi": 0.027299991498390835,
      "ci_level": 0.95
    }
  },
  "statistics": {
    "jepa_ft_vs_ablation_ft": {
      "statistic": 0.0,
      "p_value": 1.0,
      "n": 2
    },
    "jepa_ft_vs_zero_shot_probe": {
      "statistic": 0.0,
      "p_value": 1.0,
      "n": 2
    },
    "jepa_ft_vs_csp_lda": {
      "statistic": NaN,
      "p_value": NaN,
      "n": 0
    },
    "jepa_ft_vs_mdm": {
      "statistic": 0.0,
      "p_value": 1.0,
      "n": 2
    }
  }
}