{
  "subjects": [
    1
  ],
  "n_subjects": 1,
  "classes": [
    "left_hand",
    "right_hand",
    "feet"
  ],
  "folds": 2,
  "ft_epochs": 10,
  "chance": 0.3333333333333333,
  "subject_results": [
    {
      "csp_lda": {
        "mean": 0.7252100840336134,
        "std": 0.0394957983193277,
        "folds": [
          0.6857142857142857,
          0.7647058823529411
        ]
      },
      "mdm": {
        "mean": 0.7966386554621849,
        "std": 0.03193277310924375,
        "folds": [
          0.8285714285714286,
          0.7647058823529411
        ]
      },
      "encoder_ft_cls": {
        "mean": 0.34722222222222227,
        "std": 0.04671717171717171,
        "folds": [
          0.393939393939394,
          0.30050505050505055
        ]
      },
      "ablation_encoder_cls": {
        "mean": 0.4305555555555556,
        "std": 0.00883838383838384,
        "folds": [
          0.4217171717171717,
          0.4393939393939394
        ]
      },
      "encoder_ft_cls_planned": {
        "mean": 0.2992424242424242,
        "std": 0.03409090909090909,
        "folds": [
          0.26515151515151514,
          0.3333333333333333
        ]
      },
      "ac_ssm": {
        "mean": 0.29292929292929293,
        "std": 0.007575757575757597,
        "folds": [
          0.28535353535353536,
          0.30050505050505055
        ]
      }
    }
  ],
  "aggregate": {
    "encoder_ft_cls": {
      "mean": 0.34722222222222227,
      "ci_lo": 0.34722222222222227,
      "ci_hi": 0.34722222222222227,
      "ci_level": 0.95
    },
    "encoder_ft_cls_planned": {
      "mean": 0.2992424242424242,
      "ci_lo": 0.2992424242424242,
      "ci_hi": 0.2992424242424242,
      "ci_level": 0.95
    },
    "ac_ssm": {
      "mean": 0.29292929292929293,
      "ci_lo": 0.29292929292929293,
      "ci_hi": 0.29292929292929293,
      "ci_level": 0.95
    },
    "ablation_encoder_cls": {
      "mean": 0.4305555555555556,
      "ci_lo": 0.4305555555555556,
      "ci_hi": 0.4305555555555556,
      "ci_level": 0.95
    },
    "csp_lda": {
      "mean": 0.7252100840336134,
      "ci_lo": 0.7252100840336134,
      "ci_hi": 0.7252100840336134,
      "ci_level": 0.95
    },
    "mdm": {
      "mean": 0.7966386554621849,
      "ci_lo": 0.7966386554621849,
      "ci_hi": 0.7966386554621849,
      "ci_level": 0.95
    }
  },
  "statistics": {}
}