{
  "dataset": "BCI2a (BNCI2014_001)",
  "subjects": [
    1,
    2,
    3,
    4,
    5,
    6,
    7,
    8,
    9
  ],
  "n_subjects": 9,
  "classes": [
    "left_hand",
    "right_hand",
    "feet",
    "tongue"
  ],
  "folds": 5,
  "chance": 0.25,
  "subject_results": [
    {
      "csp_lda": {
        "mean": 0.6163268365817091,
        "std": 0.0377635070010502,
        "folds": [
          0.6120689655172413,
          0.5478260869565217,
          0.6260869565217392,
          0.6347826086956522,
          0.6608695652173913
        ]
      },
      "mdm": {
        "mean": 0.6041979010494753,
        "std": 0.03045980906181004,
        "folds": [
          0.5862068965517241,
          0.5739130434782609,
          0.6086956521739131,
          0.6608695652173913,
          0.591304347826087
        ]
      },
      "encoder_ft_cls": {
        "mean": 0.3032635467980295,
        "std": 0.04858565587152053,
        "folds": [
          0.2327586206896552,
          0.3380541871921182,
          0.2964901477832512,
          0.37284482758620685,
          0.2761699507389163
        ]
      },
      "ablation_encoder_cls": {
        "mean": 0.29211822660098524,
        "std": 0.014794223796134327,
        "folds": [
          0.3017241379310345,
          0.2786330049261084,
          0.2964901477832512,
          0.31188423645320196,
          0.27185960591133007
        ]
      },
      "encoder_ft_cls_planned": {
        "mean": 0.27770935960591137,
        "std": 0.02901350808898329,
        "folds": [
          0.2931034482758621,
          0.28509852216748766,
          0.22629310344827586,
          0.312807881773399,
          0.27124384236453203
        ]
      },
      "eegnet": {
        "mean": 0.4271551724137931,
        "std": 0.021265338592317266,
        "folds": [
          0.45689655172413796,
          0.3987068965517241,
          0.4282635467980296,
          0.44273399014778325,
          0.4091748768472907
        ]
      }
    },
    {
      "csp_lda": {
        "mean": 0.5709745127436282,
        "std": 0.06886542505220374,
        "folds": [
          0.6896551724137931,
          0.5826086956521739,
          0.48695652173913045,
          0.5217391304347826,
          0.5739130434782609
        ]
      },
      "mdm": {
        "mean": 0.3557721139430285,
        "std": 0.0644171203734802,
        "folds": [
          0.43103448275862066,
          0.30434782608695654,
          0.4260869565217391,
          0.34782608695652173,
          0.26956521739130435
        ]
      },
      "encoder_ft_cls": {
        "mean": 0.2903325123152709,
        "std": 0.013156318115284185,
        "folds": [
          0.3103448275862069,
          0.28971674876847286,
          0.2875615763546798,
          0.2693965517241379,
          0.29464285714285715
        ]
      },
      "ablation_encoder_cls": {
        "mean": 0.3002463054187192,
        "std": 0.016150622126227372,
        "folds": [
          0.3017241379310345,
          0.3288177339901478,
          0.2792487684729064,
          0.29710591133004927,
          0.29433497536945813
        ]
      },
      "encoder_ft_cls_planned": {
        "mean": 0.2597906403940887,
        "std": 0.01695799839681966,
        "folds": [
          0.23275862068965517,
          0.27832512315270935,
          0.2607758620689655,
          0.2764778325123153,
          0.250615763546798
        ]
      },
      "eegnet": {
        "mean": 0.32998768472906403,
        "std": 0.03553729287163178,
        "folds": [
          0.27586206896551724,
          0.3309729064039409,
          0.3125,
          0.3482142857142857,
          0.38238916256157635
        ]
      }
    },
    {
      "csp_lda": {
        "mean": 0.7917691154422789,
        "std": 0.0400973776991928,
        "folds": [
          0.7327586206896551,
          0.8260869565217391,
          0.7565217391304347,
          0.8347826086956521,
          0.808695652173913
        ]
      },
      "mdm": {
        "mean": 0.6771064467766117,
        "std": 0.037639235297601416,
        "folds": [
          0.6637931034482759,
          0.6173913043478261,
          0.6695652173913044,
          0.7130434782608696,
          0.7217391304347827
        ]
      },
      "encoder_ft_cls": {
        "mean": 0.2669950738916256,
        "std": 0.03209032095617917,
        "folds": [
          0.31896551724137934,
          0.2419950738916256,
          0.2786330049261084,
          0.22598522167487683,
          0.26939655172413796
        ]
      },
      "ablation_encoder_cls": {
        "mean": 0.26151477832512315,
        "std": 0.01189970024323355,
        "folds": [
          0.25862068965517243,
          0.24168719211822662,
          0.26139162561576357,
          0.2777093596059113,
          0.26816502463054187
        ]
      },
      "encoder_ft_cls_planned": {
        "mean": 0.2355295566502463,
        "std": 0.027959326814713477,
        "folds": [
          0.27586206896551724,
          0.1911945812807882,
          0.23368226600985223,
          0.22629310344827586,
          0.250615763546798
        ]
      },
      "eegnet": {
        "mean": 0.5251847290640393,
        "std": 0.05859189952043293,
        "folds": [
          0.48275862068965514,
          0.5295566502463054,
          0.5009236453201971,
          0.6363916256157636,
          0.47629310344827586
        ]
      }
    },
    {
      "csp_lda": {
        "mean": 0.4046926536731634,
        "std": 0.08818890447673378,
        "folds": [
          0.3017241379310345,
          0.391304347826087,
          0.40869565217391307,
          0.5652173913043478,
          0.3565217391304348
        ]
      },
      "mdm": {
        "mean": 0.40283358320839585,
        "std": 0.060474571613982134,
        "folds": [
          0.3706896551724138,
          0.4434782608695652,
          0.3826086956521739,
          0.4956521739130435,
          0.3217391304347826
        ]
      },
      "encoder_ft_cls": {
        "mean": 0.27419950738916254,
        "std": 0.041708424641356615,
        "folds": [
          0.3362068965517241,
          0.2530788177339901,
          0.30449507389162567,
          0.2604679802955665,
          0.21674876847290642
        ]
      },
      "ablation_encoder_cls": {
        "mean": 0.2745073891625616,
        "std": 0.026040756149806707,
        "folds": [
          0.26724137931034486,
          0.2792487684729064,
          0.2432266009852217,
          0.2616995073891626,
          0.3211206896551724
        ]
      },
      "encoder_ft_cls_planned": {
        "mean": 0.2762931034482759,
        "std": 0.0268041808265398,
        "folds": [
          0.29310344827586204,
          0.2952586206896552,
          0.22660098522167488,
          0.29710591133004927,
          0.2693965517241379
        ]
      },
      "eegnet": {
        "mean": 0.31742610837438423,
        "std": 0.06929734123748461,
        "folds": [
          0.31896551724137934,
          0.2607758620689655,
          0.3380541871921182,
          0.4341133004926108,
          0.2352216748768473
        ]
      }
    },
    {
      "csp_lda": {
        "mean": 0.38364317841079465,
        "std": 0.029784954837626273,
        "folds": [
          0.4051724137931034,
          0.3826086956521739,
          0.33043478260869563,
          0.41739130434782606,
          0.3826086956521739
        ]
      },
      "mdm": {
        "mean": 0.2690104947526237,
        "std": 0.05420032924153863,
        "folds": [
          0.31896551724137934,
          0.24347826086956523,
          0.30434782608695654,
          0.30434782608695654,
          0.17391304347826086
        ]
      },
      "encoder_ft_cls": {
        "mean": 0.2395320197044335,
        "std": 0.047287673731864766,