{
  "dataset": "BCI2a (BNCI2014_001)",
  "subjects": [
    1,
    2,
    3,
    4,
    5,
    6,
    7,
    8,
    9
  ],
  "n_subjects": 9,
  "classes": [
    "left_hand",
    "right_hand",
    "feet",
    "tongue"
  ],
  "folds": 5,
  "chance": 0.25,
  "subject_results": [
    {
      "csp_lda": {
        "mean": 0.6163268365817091,
        "std": 0.0377635070010502,
        "folds": [
          0.6120689655172413,
          0.5478260869565217,
          0.6260869565217392,
          0.6347826086956522,
          0.6608695652173913
        ]
      },
      "mdm": {
        "mean": 0.6041979010494753,
        "std": 0.03045980906181004,
        "folds": [
          0.5862068965517241,
          0.5739130434782609,
          0.6086956521739131,
          0.6608695652173913,
          0.591304347826087
        ]
      },
      "eegnet": {
        "mean": 0.4179802955665025,
        "std": 0.03542947417163602,
        "folds": [
          0.47413793103448276,
          0.41564039408866993,
          0.42795566502463056,
          0.36391625615763545,
          0.40825123152709364
        ]
      }
    },
    {
      "csp_lda": {
        "mean": 0.5709745127436282,
        "std": 0.06886542505220374,
        "folds": [
          0.6896551724137931,
          0.5826086956521739,
          0.48695652173913045,
          0.5217391304347826,
          0.5739130434782609
        ]
      },
      "mdm": {
        "mean": 0.3557721139430285,
        "std": 0.0644171203734802,
        "folds": [
          0.43103448275862066,
          0.30434782608695654,
          0.4260869565217391,
          0.34782608695652173,
          0.26956521739130435
        ]
      },
      "eegnet": {
        "mean": 0.37709359605911336,
        "std": 0.05379476124766446,
        "folds": [
          0.33620689655172414,
          0.35714285714285715,
          0.33128078817733986,
          0.47844827586206895,
          0.3823891625615764
        ]
      }
    },
    {
      "csp_lda": {
        "mean": 0.7917691154422789,
        "std": 0.0400973776991928,
        "folds": [
          0.7327586206896551,
          0.8260869565217391,
          0.7565217391304347,
          0.8347826086956521,
          0.808695652173913
        ]
      },
      "mdm": {
        "mean": 0.6771064467766117,
        "std": 0.037639235297601416,
        "folds": [
          0.6637931034482759,
          0.6173913043478261,
          0.6695652173913044,
          0.7130434782608696,
          0.7217391304347827
        ]
      },
      "eegnet": {
        "mean": 0.42136699507389164,
        "std": 0.07002712560683304,
        "folds": [
          0.3448275862068966,
          0.44396551724137934,
          0.354371921182266,
          0.4254926108374384,
          0.5381773399014778
        ]
      }
    },
    {
      "csp_lda": {
        "mean": 0.4046926536731634,
        "std": 0.08818890447673378,
        "folds": [
          0.3017241379310345,
          0.391304347826087,
          0.40869565217391307,
          0.5652173913043478,
          0.3565217391304348
        ]
      },
      "mdm": {
        "mean": 0.40283358320839585,
        "std": 0.060474571613982134,
        "folds": [
          0.3706896551724138,
          0.4434782608695652,
          0.3826086956521739,
          0.4956521739130435,
          0.3217391304347826
        ]
      },
      "eegnet": {
        "mean": 0.3053571428571429,
        "std": 0.07177500074285122,
        "folds": [
          0.20689655172413796,
          0.23399014778325125,
          0.3900862068965517,
          0.33866995073891626,
          0.35714285714285715
        ]
      }
    },
    {
      "csp_lda": {
        "mean": 0.38364317841079465,
        "std": 0.029784954837626273,
        "folds": [
          0.4051724137931034,
          0.3826086956521739,
          0.33043478260869563,
          0.41739130434782606,
          0.3826086956521739
        ]
      },
      "mdm": {
        "mean": 0.2690104947526237,
        "std": 0.05420032924153863,
        "folds": [
          0.31896551724137934,
          0.24347826086956523,
          0.30434782608695654,
          0.30434782608695654,
          0.17391304347826086
        ]
      },
      "eegnet": {
        "mean": 0.2688423645320197,
        "std": 0.03441639021253143,
        "folds": [
          0.27586206896551724,
          0.29464285714285715,
          0.312807881773399,
          0.21767241379310345,
          0.2432266009852217
        ]
      }
    },
    {
      "csp_lda": {
        "mean": 0.41656671664167916,
        "std": 0.039570838470771696,
        "folds": [
          0.47413793103448276,
          0.3826086956521739,
          0.3739130434782609,
          0.4,
          0.45217391304347826
        ]
      },
      "mdm": {
        "mean": 0.3559070464767616,
        "std": 0.014602452365168649,
        "folds": [
          0.35344827586206895,
          0.3565217391304348,
          0.3652173913043478,
          0.3739130434782609,
          0.33043478260869563
        ]
      },
      "eegnet": {
        "mean": 0.2692733990147783,
        "std": 0.0472462011541896,
        "folds": [
          0.3275862068965517,
          0.29710591133004927,
          0.2438423645320197,
          0.19150246305418722,
          0.28633004926108374
        ]
      }
    },
    {
      "csp_lda": {
        "mean": 0.6214242878560718,
        "std": 0.04625755725777294,
        "folds": [
          0.6810344827586207,
          0.6173913043478261,
          0.6347826086956522,
          0.6347826086956522,
          0.5391304347826087
        ]
      },
      "mdm": {
        "mean": 0.5380059970014992,
        "std": 0.057879880631338185,
        "folds": [
          0.646551724137931,
          0.5478260869565217,
          0.48695652173913045,
          0.5043478260869565,
          0.5043478260869565
        ]
      },
      "eegnet": {
        "mean": 0.4513546798029557,
        "std": 0.048075716734567085,
        "folds": [
          0.3793103448275862,
          0.48891625615763545,
          0.5113916256157636,
          0.41594827586206895,
          0.46120689655172414
        ]
      }
    },
    {
      "csp_lda": {
        "mean": 0.7899100449775113,
        "std": 0.024381130242018,
        "folds": [
          0.8017241379310345,
          0.7652173913043478,
          0.7565217391304347,
          0.808695652173913,
          0.8173913043478261
        ]
      },
      "mdm": {
        "mean": 0.7239880059970015,
        "std": 0.029508660106627293,
        "folds": [
          0.7068965517241379,
          0.7304347826086957,
          0.7652173913043478,
          0.7391304347826086,
          0.6782608695652174
        ]
      },
      "eegnet": {
        "mean": 0.3505541871921183,
        "std": 0.019969734920517804,
        "folds": [
          0.3879310344827586,
          0.3482142857142857,
          0.32943349753694584,
          0.33866995073891626,
          0.3485221674876848
        ]
      }
    },
    {
      "csp_lda": {
        "mean": 0.6910044977511244,
        "std": 0.03005060291416481,
        "folds": [
          0.6724137931034483,
          0.6695652173913044,
          0.6608695652173913,
          0.7391304347826086,
          0.7130434782608696
        ]
      },
      "mdm": {
        "mean": 0.6093703148425786,
        "std": 0.02271559756263921,
        "folds": [
          0.6120689655172413,
          0.6173913043478261,
          0.5652173913043478,
          0.6260869565217392,
          0.6260869565217392
        ]
      },
      "eegnet": {
        "mean": 0.2985221674876848,
        "std": 0.026014534163994987,
        "folds": [
          0.31896551724137934,
          0.3205049261083744,
          0.28633004926108374,
          0.3140394088669951,
          0.25277093596059114
        ]
      }
    }
  ],
  "aggregate": {
    "csp_lda": {
      "mean": 0.5873679826753289,
      "ci_lo": 0.4912564551057805,