{
  "subjects": [
    1,
    2,
    3
  ],
  "n_subjects": 3,
  "classes": [
    "left_hand",
    "right_hand",
    "feet"
  ],
  "folds": 3,
  "ft_epochs": 10,
  "chance": 0.3333333333333333,
  "subject_results": [
    {
      "csp_lda": {
        "mean": 0.7826086956521738,
        "std": 0.06148754619013458,
        "folds": [
          0.7391304347826086,
          0.7391304347826086,
          0.8695652173913043
        ]
      },
      "mdm": {
        "mean": 0.7826086956521738,
        "std": 0.07099970268936748,
        "folds": [
          0.8695652173913043,
          0.782608695652174,
          0.6956521739130435
        ]
      },
      "encoder_ft_cls": {
        "mean": 0.38690476190476186,
        "std": 0.036692940493862965,
        "folds": [
          0.42857142857142855,
          0.33928571428571425,
          0.39285714285714285
        ]
      },
      "ablation_encoder_cls": {
        "mean": 0.37896825396825395,
        "std": 0.06453752367972455,
        "folds": [
          0.4702380952380952,
          0.3333333333333333,
          0.3333333333333333
        ]
      },
      "encoder_ft_cls_planned": {
        "mean": 0.31746031746031744,
        "std": 0.022447834323382456,
        "folds": [
          0.2857142857142857,
          0.3333333333333333,
          0.3333333333333333
        ]
      },
      "ac_ssm": {
        "mean": 0.29563492063492064,
        "std": 0.05632964113721583,
        "folds": [
          0.375,
          0.2619047619047619,
          0.25
        ]
      }
    },
    {
      "csp_lda": {
        "mean": 0.7301587301587301,
        "std": 0.08979133729352984,
        "folds": [
          0.6666666666666666,
          0.6666666666666666,
          0.8571428571428571
        ]
      },
      "mdm": {
        "mean": 0.6349206349206349,
        "std": 0.08093681767607594,
        "folds": [
          0.5238095238095238,
          0.6666666666666666,
          0.7142857142857143
        ]
      },
      "encoder_ft_cls": {
        "mean": 0.42857142857142855,
        "std": 0.0,
        "folds": [
          0.42857142857142855,
          0.42857142857142855,
          0.42857142857142855
        ]
      },
      "ablation_encoder_cls": {
        "mean": 0.42857142857142855,
        "std": 0.06734350297014735,
        "folds": [
          0.4761904761904761,
          0.3333333333333333,
          0.4761904761904761
        ]
      },
      "encoder_ft_cls_planned": {
        "mean": 0.36507936507936506,
        "std": 0.022447834323382456,
        "folds": [
          0.38095238095238093,
          0.3333333333333333,
          0.38095238095238093
        ]
      },
      "ac_ssm": {
        "mean": 0.3968253968253968,
        "std": 0.0809368176760759,
        "folds": [
          0.42857142857142855,
          0.28571428571428575,
          0.4761904761904761
        ]
      }
    },
    {
      "csp_lda": {
        "mean": 0.49275362318840576,
        "std": 0.05422691864889769,
        "folds": [
          0.43478260869565216,
          0.5652173913043478,
          0.4782608695652174
        ]
      },
      "mdm": {
        "mean": 0.5942028985507246,
        "std": 0.04099169746008974,
        "folds": [
          0.6521739130434783,
          0.5652173913043478,
          0.5652173913043478
        ]
      },
      "encoder_ft_cls": {
        "mean": 0.3630952380952381,
        "std": 0.03402069087198862,
        "folds": [
          0.41071428571428575,
          0.3452380952380952,
          0.3333333333333333
        ]
      },
      "ablation_encoder_cls": {
        "mean": 0.3134920634920635,
        "std": 0.03236013180615096,
        "folds": [
          0.26785714285714285,
          0.3333333333333333,
          0.33928571428571425
        ]
      },
      "encoder_ft_cls_planned": {
        "mean": 0.3630952380952381,
        "std": 0.08304940292244584,
        "folds": [
          0.375,
          0.4583333333333333,
          0.25595238095238093
        ]
      },
      "ac_ssm": {
        "mean": 0.38095238095238093,
        "std": 0.11209878485575822,
        "folds": [
          0.36904761904761907,
          0.5238095238095238,
          0.25
        ]
      }
    }
  ],
  "aggregate": {
    "encoder_ft_cls": {
      "mean": 0.39285714285714285,
      "ci_lo": 0.3630952380952381,
      "ci_hi": 0.42857142857142855,
      "ci_level": 0.95
    },
    "encoder_ft_cls_planned": {
      "mean": 0.34854497354497355,
      "ci_lo": 0.31746031746031744,
      "ci_hi": 0.36507936507936506,
      "ci_level": 0.95
    },
    "ac_ssm": {
      "mean": 0.3578042328042328,
      "ci_lo": 0.29563492063492064,
      "ci_hi": 0.3968253968253968,
      "ci_level": 0.95
    },
    "ablation_encoder_cls": {
      "mean": 0.37367724867724866,
      "ci_lo": 0.3134920634920635,
      "ci_hi": 0.42857142857142855,
      "ci_level": 0.95
    },
    "csp_lda": {
      "mean": 0.6685070163331033,
      "ci_lo": 0.49275362318840576,
      "ci_hi": 0.7826086956521738,
      "ci_level": 0.95
    },
    "mdm": {
      "mean": 0.6705774097078444,
      "ci_lo": 0.5942028985507246,
      "ci_hi": 0.7826086956521738,
      "ci_level": 0.95
    }
  },
  "statistics": {}
}