{
  "total_steps": 2560,
  "commands_sent": 2560,
  "halts": 0,
  "mean_error": 0.008545668222941458,
  "duration_s": 5.19,
  "steps_per_s": 492.9,
  "safety_stats": {
    "ern": 0,
    "uncertainty": 0,
    "watchdog": 0,
    "emergency": 0,
    "total_halts": 0
  },
  "final_position": [
    -0.1588650941848755,
    -0.01518605649471283,
    0.12311428040266037,
    -0.053950756788253784,
    0.039216846227645874,
    0.07557257264852524
  ],
  "checkpoint": "/home/redleadr/workspace/noosphere/v2_digital_self_replication/checkpoints/supervised_best.pt"
}