{
  "window_configs": {
    "A_0.5-2.5": {
      "tmin": 0.5,
      "tmax": 2.5,
      "label": "2s"
    },
    "B_0.5-4.5": {
      "tmin": 0.5,
      "tmax": 4.5,
      "label": "4s [primary]"
    },
    "C_1.0-3.5": {
      "tmin": 1.0,
      "tmax": 3.5,
      "label": "2.5s offset"
    }
  },
  "results": {
    "B_0.5-4.5": {
      "csp_lda": {
        "mean": 0.6013553113553113,
        "ci_lo": 0.5468500457875459,
        "ci_hi": 0.6560863095238095
      },
      "encoder_ft_cls": {
        "mean": 0.36499999999999994,
        "ci_lo": 0.341325,
        "ci_hi": 0.3921708333333333
      },
      "ac_ssm": {
        "mean": 0.3471666666666666,
        "ci_lo": 0.32399999999999995,
        "ci_hi": 0.37200833333333333
      },
      "ablation_encoder_cls": {
        "mean": 0.35666666666666663,
        "ci_lo": 0.3321666666666667,
        "ci_hi": 0.38200416666666664
      }
    },
    "A_0.5-2.5": {
      "csp_lda": {
        "mean": 0.5780961791831356,
        "ci_lo": 0.5251235177865612,
        "ci_hi": 0.6349472990777338
      },
      "encoder_ft_cls": {
        "mean": 0.3723214285714286,
        "ci_lo": 0.34732142857142856,
        "ci_hi": 0.39811507936507934
      },
      "ac_ssm": {
        "mean": 0.35823412698412704,
        "ci_lo": 0.3306498015873016,
        "ci_hi": 0.3860119047619047
      },
      "ablation_encoder_cls": {
        "mean": 0.36299603174603173,
        "ci_lo": 0.3410689484126984,
        "ci_hi": 0.3855183531746032
      }
    },
    "C_1.0-3.5": {
      "csp_lda": {
        "mean": 0.5661067193675889,
        "ci_lo": 0.5215670289855072,
        "ci_hi": 0.6202569169960473
      },
      "encoder_ft_cls": {
        "mean": 0.3546626984126985,
        "ci_lo": 0.3229141865079365,
        "ci_hi": 0.385530753968254
      },
      "ac_ssm": {
        "mean": 0.34186507936507937,
        "ci_lo": 0.31398561507936507,
        "ci_hi": 0.3701488095238095
      },
      "ablation_encoder_cls": {
        "mean": 0.35317460317460314,
        "ci_lo": 0.3225173611111111,
        "ci_hi": 0.3835367063492064
      }
    }
  }
}